{"ACC-331641": [331641.0, 0.0, 207000.0, 450000.0, 19197.0, 450000.0, 0.006305, -2706.0, -5392.0, 9.0, 1.0, 1.0, 1.0, 1.0, 0.0, 0.0, 2.0, 3.0, 3.0, 5.0, 0.0, 0.0, 0.0, 0.0, 0.0, 0.0, 0.6260816180862498, 0.3198533286308415, 0.5424451438613613, 0.0021, 0.0764, 0.9851, 0.7552, 0.0211, 0.0, 0.1379, 0.0417, 0.2083, 0.0106, 0.0756, 0.0744, 0.0, 0.0032, 0.0021, 0.0746, 0.9851, 0.7648, 0.0191, 0.0, 0.1379, 0.0417, 0.2083, 0.0109, 0.0771, 0.0731, 0.0, 0.0034, 0.0021, 0.0759, 0.9851, 0.7585, 0.0209, 0.0, 0.1379, 0.0417, 0.2083, 0.0108, 0.0761, 0.0748, 0.0, 0.0033, 0.0028, 0.0, 0.0, 0.0, 0.0, -2415.0, 0.0, 1.0, 0.0, 0.0, 0.0, 0.0, 0.0, 0.0, 0.0, 0.0, 0.0, 0.0, 0.0, 0.0, 0.0, 0.0, 0.0, 0.0, 0.0, 0.0, 0.0, 0.0, 0.0, 0.0, 2.0, 0.0, 39.80821917808219, 19.24931506849315, 2.1739130434782608, 0.0927391304347826, 1.0, 11304.19821059876, 0.4961266968594842, 0.3198533286308415, 0.15828136408053736, 0.10862696689809265, 19.749920288680286, 9.550099101739002, 0.48355127322780456, 0.3176614583333333, 0.0, 0.0, 2.0, 2.0, 1.0, 4.0, 0.0, 0.0, 0.25382456560105365, 0.9511314761904762, -8.0, -41.75, 1.0, 1.0, 0.0, 1.0, 0.0, 0.0, 1.0, 0.0, 1.0, 0.0, 0.0, 0.0, 0.0, 0.0, 0.0, 0.0, 1.0, 0.0, 0.0, 0.0, 0.0, 1.0, 0.0, 0.0, 0.0, 0.0, 0.0, 0.0, 0.0, 1.0, 0.0, 1.0, 0.0, 0.0, 0.0, 0.0, 0.0, 1.0, 0.0, 0.0, 0.0, 0.0, 0.0, 0.0, 0.0, 0.0, 0.0, 0.0, 0.0, 0.0, 0.0, 0.0, 0.0, 1.0, 0.0, 0.0, 0.0, 0.0, 0.0, 0.0, 1.0, 0.0, 0.0, 0.0, 0.0, 0.0, 0.0, 0.0, 0.0, 0.0, 0.0, 0.0, 0.0, 0.0, 0.0, 0.0, 0.0, 0.0, 0.0, 0.0, 0.0, 0.0, 0.0, 0.0, 0.0, 0.0, 0.0, 0.0, 0.0, 0.0, 0.0, 0.0, 0.0, 0.0, 0.0, 0.0, 0.0, 1.0, 0.0, 0.0, 0.0, 0.0, 0.0, 0.0, 0.0, 0.0, 0.0, 0.0, 0.0, 0.0, 0.0, 0.0, 0.0, 0.0, 0.0, 0.0, 0.0, 0.0, 0.0, 0.0, 0.0, 0.0, 0.0, 0.0, 0.0, 0.0, 0.0, 1.0, 0.0, 0.0, 0.0, 1.0, 0.0, 0.0, 0.0, 0.0, 1.0, 0.0, 0.0, 1.0, 0.0], "ACC-245992": [245992.0, 1.0, 225000.0, 848745.0, 37516.5, 675000.0, 0.025164, -7104.0, -4444.0, 9.0, 1.0, 1.0, 0.0, 1.0, 0.0, 0.0, 3.0, 2.0, 2.0, 11.0, 0.0, 0.0, 0.0, 0.0, 0.0, 0.0, 0.5054455334342673, 0.4372035092067365, 0.8771942581973663, 0.0876, 0.0764, 0.9816, 0.7552, 0.0211, 0.0, 0.1379, 0.1667, 0.2083, 0.0482, 0.0756, 0.0744, 0.0, 0.0036, 0.084, 0.0746, 0.9816, 0.7648, 0.0191, 0.0, 0.1379, 0.1667, 0.2083, 0.0459, 0.0771, 0.0731, 0.0, 0.0011, 0.0874, 0.0759, 0.9816, 0.7585, 0.0209, 0.0, 0.1379, 0.1667, 0.2083, 0.0487, 0.0761, 0.0748, 0.0, 0.0031, 0.0688, 8.0, 0.0, 8.0, 0.0, 0.0, 0.0, 1.0, 0.0, 0.0, 0.0, 0.0, 0.0, 0.0, 0.0, 0.0, 0.0, 0.0, 0.0, 0.0, 0.0, 0.0, 0.0, 0.0, 0.0, 0.0, 0.0, 0.0, 0.0, 0.0, 0.0, 1.0, 44.78082191780822, 20.616438356164384, 3.7722, 0.16674, 1.2574, 18953.314469256653, 0.6571988837020514, 0.4372035092067365, 0.3111204422706224, 0.11977012325268922, 29.429906175643918, 13.549100273583388, 0.4603854389721628, 0.5833333333333334, 0.0, 0.0, 1.0, 1.0, 1.0, 13.0, 0.0, 0.0, 0.25382456560105365, 0.9511314761904762, -7.0, -10.818181818181818, 1.0, 1.0, 0.0, 0.0, 1.0, 0.0, 0.0, 1.0, 0.0, 1.0, 0.0, 0.0, 0.0, 0.0, 0.0, 0.0, 1.0, 0.0, 0.0, 0.0, 0.0, 0.0, 0.0, 0.0, 1.0, 0.0, 0.0, 0.0, 0.0, 1.0, 0.0, 1.0, 0.0, 0.0, 0.0, 0.0, 0.0, 1.0, 0.0, 0.0, 0.0, 0.0, 0.0, 0.0, 0.0, 1.0, 0.0, 0.0, 0.0, 0.0, 0.0, 0.0, 0.0, 0.0, 0.0, 0.0, 0.0, 0.0, 0.0, 0.0, 0.0, 0.0, 0.0, 0.0, 0.0, 1.0, 0.0, 0.0, 0.0, 0.0, 0.0, 0.0, 0.0, 0.0, 0.0, 0.0, 0.0, 0.0, 0.0, 0.0, 0.0, 0.0, 0.0, 0.0, 0.0, 0.0, 0.0, 0.0, 0.0, 0.0, 0.0, 0.0, 0.0, 0.0, 0.0, 0.0, 0.0, 0.0, 0.0, 0.0, 0.0, 1.0, 0.0, 0.0, 0.0, 0.0, 0.0, 0.0, 0.0, 0.0, 0.0, 0.0, 0.0, 0.0, 0.0, 0.0, 0.0, 0.0, 0.0, 0.0, 0.0, 0.0, 0.0, 0.0, 0.0, 0.0, 0.0, 1.0, 0.0, 1.0, 0.0, 0.0, 0.0, 0.0, 0.0, 0.0, 1.0, 0.0, 0.0, 1.0, 0.0], "ACC-244815": [244815.0, 0.0, 315000.0, 509400.0, 28575.0, 450000.0, 0.072508, -5435.0, -3204.0, 9.0, 1.0, 0.0, 0.0, 1.0, 0.0, 1.0, 1.0, 1.0, 1.0, 19.0, 0.0, 0.0, 0.0, 0.0, 0.0, 0.0, 0.5054455334342673, 0.7316882026229096, 0.8528284668510541, 0.0753, 0.0844, 0.9747, 0.6532, 0.0629, 0.0, 0.1379, 0.1667, 0.2083, 0.0, 0.0605, 0.0596, 0.0039, 0.024, 0.0693, 0.0867, 0.9747, 0.6668, 0.0624, 0.0, 0.1379, 0.1667, 0.2083, 0.0, 0.0588, 0.0549, 0.0, 0.0, 0.076, 0.0844, 0.9747, 0.6578, 0.0633, 0.0, 0.1379, 0.1667, 0.2083, 0.0, 0.0616, 0.0607, 0.0039, 0.0245, 0.0519, 0.0, 0.0, 0.0, 0.0, 0.0, 0.0, 0.0, 0.0, 0.0, 1.0, 0.0, 0.0, 0.0, 0.0, 0.0, 0.0, 0.0, 0.0, 0.0, 0.0, 0.0, 0.0, 0.0, 0.0, 0.0, 0.0, 0.0, 0.0, 0.0, 1.0, 2.0, 61.345205479452055, 4.515068493150685, 1.6171428571428572, 0.09071428571428572, 1.132, 8303.827430664107, 0.7922583347369818, 0.7316882026229096, 0.08565910231045112, 0.11977012325268922, 48.60125033724866, 2.161772655083009, 0.11873430436966348, 0.5833333333333334, 0.0, 0.0, 2.0, 2.0, 1.0, 20.0, 0.0, 0.0, 0.25382456560105365, 0.9511314761904762, 2.0, -12.0, 0.9285714285714286, 1.0, 0.0, 1.0, 0.0, 0.0, 1.0, 0.0, 0.0, 1.0, 0.0, 0.0, 0.0, 0.0, 0.0, 0.0, 1.0, 0.0, 0.0, 0.0, 1.0, 0.0, 0.0, 0.0, 0.0, 0.0, 0.0, 0.0, 0.0, 1.0, 0.0, 0.0, 0.0, 0.0, 0.0, 1.0, 0.0, 1.0, 0.0, 0.0, 0.0, 0.0, 0.0, 0.0, 0.0, 0.0, 0.0, 0.0, 0.0, 0.0, 1.0, 0.0, 0.0, 0.0, 0.0, 0.0, 0.0, 0.0, 0.0, 0.0, 0.0, 1.0, 0.0, 0.0, 0.0, 0.0, 0.0, 0.0, 0.0, 0.0, 0.0, 0.0, 0.0, 0.0, 0.0, 0.0, 0.0, 0.0, 0.0, 0.0, 0.0, 0.0, 0.0, 0.0, 0.0, 0.0, 0.0, 0.0, 0.0, 0.0, 0.0, 0.0, 0.0, 0.0, 0.0, 0.0, 0.0, 0.0, 0.0, 0.0, 0.0, 0.0, 0.0, 0.0, 0.0, 0.0, 0.0, 0.0, 0.0, 0.0, 0.0, 0.0, 0.0, 0.0, 0.0, 0.0, 0.0, 0.0, 0.0, 0.0, 0.0, 0.0, 0.0, 0.0, 1.0, 0.0, 0.0, 1.0, 0.0, 1.0, 0.0, 0.0, 0.0, 0.0, 0.0, 0.0, 0.0, 1.0, 0.0, 1.0, 0.0], "ACC-180202": [180202.0, 2.0, 162000.0, 526491.0, 25326.0, 454500.0, 0.008068, -1423.0, -1541.0, 9.0, 1.0, 1.0, 1.0, 1.0, 0.0, 0.0, 4.0, 3.0, 3.0, 11.0, 0.0, 0.0, 0.0, 0.0, 0.0, 0.0, 0.5054455334342673, 0.3706807971953721, 0.5867400085415683, 0.0876, 0.0764, 0.9816, 0.7552, 0.0211, 0.0, 0.1379, 0.1667, 0.2083, 0.0482, 0.0756, 0.0744, 0.0, 0.0036, 0.084, 0.0746, 0.9816, 0.7648, 0.0191, 0.0, 0.1379, 0.1667, 0.2083, 0.0459, 0.0771, 0.0731, 0.0, 0.0011, 0.0874, 0.0759, 0.9816, 0.7585, 0.0209, 0.0, 0.1379, 0.1667, 0.2083, 0.0487, 0.0761, 0.0748, 0.0, 0.0031, 0.0688, 0.0, 0.0, 0.0, 0.0, -221.0, 0.0, 1.0, 0.0, 0.0, 0.0, 0.0, 0.0, 0.0, 0.0, 0.0, 0.0, 0.0, 0.0, 0.0, 0.0, 0.0, 0.0, 0.0, 0.0, 0.0, 0.0, 0.0, 0.0, 0.0, 2.0, 1.0, 37.1945205479452, 3.802739726027397, 3.2499444444444445, 0.15633333333333332, 1.1583960396039603, 14155.06887153801, 0.4787104028684702, 0.3706807971953721, 0.15277693348071275, 0.11977012325268922, 17.80540391600644, 1.8204110662505113, 0.10223924572775486, 0.956118320610687, 0.0, 1.0, 8.0, 2.0, 0.25, 19.0, 1.0, 1.0, 0.25382456560105365, 0.9511314761904762, 2.0, -11.789473684210526, 1.4181045434852266, 1.0, 0.0, 1.0, 0.0, 0.0, 1.0, 0.0, 1.0, 0.0, 0.0, 0.0, 0.0, 0.0, 0.0, 0.0, 1.0, 0.0, 0.0, 0.0, 0.0, 0.0, 0.0, 0.0, 1.0, 0.0, 0.0, 0.0, 0.0, 1.0, 0.0, 1.0, 0.0, 0.0, 0.0, 0.0, 0.0, 1.0, 0.0, 0.0, 0.0, 0.0, 0.0, 0.0, 0.0, 0.0, 0.0, 0.0, 0.0, 0.0, 1.0, 0.0, 0.0, 0.0, 0.0, 0.0, 0.0, 0.0, 0.0, 0.0, 1.0, 0.0, 0.0, 0.0, 0.0, 0.0, 0.0, 0.0, 0.0, 0.0, 0.0, 0.0, 0.0, 0.0, 0.0, 0.0, 1.0, 0.0, 0.0, 0.0, 0.0, 0.0, 0.0, 0.0, 0.0, 0.0, 0.0, 0.0, 0.0, 0.0, 0.0, 0.0, 0.0, 0.0, 0.0, 0.0, 0.0, 0.0, 0.0, 0.0, 0.0, 0.0, 0.0, 0.0, 0.0, 0.0, 0.0, 0.0, 0.0, 0.0, 0.0, 0.0, 0.0, 0.0, 0.0, 0.0, 0.0, 0.0, 0.0, 0.0, 0.0, 0.0, 0.0, 0.0, 0.0, 0.0, 0.0, 1.0, 0.0, 1.0, 0.0, 0.0, 0.0, 0.0, 0.0, 0.0, 1.0, 0.0, 0.0, 1.0, 0.0],