{
  "DEBT_TO_CREDIT_RATIO": {
    "index": 116,
    "min": 0.0,
    "max": 9.206,
    "p50": 0.5833333333333334
  },
  "INST_MAX_DAYS_LATE": {
    "index": 127,
    "min": -30.0,
    "max": 2651.0,
    "p50": 1.0
  },
  "EXT_SOURCE_MEAN": {
    "index": 109,
    "min": 0.0005574712998839,
    "max": 0.8549996664047012,
    "p50": 0.5196289904068115
  },
  "CC_UTILITY_MEAN": {
    "index": 125,
    "min": -0.0028873759999999992,
    "max": 1.2354005,
    "p50": 0.25382456560105365
  }
}