{
  "nudge_threshold": 0.045664160401002504,
  "intervene_threshold": 0.09132832080200501,
  "fp_cost": 1,
  "fn_cost": 10
}